--
-- PostgreSQL database dump
--

\restrict pbg5pFO3ouJsniprozPBEEQfNhXh6Yq09w1leFdVc0zeYYEDb8wgquwtpzpYSlP

-- Dumped from database version 17.6 (Debian 17.6-2.pgdg13+1)
-- Dumped by pg_dump version 17.7

-- Started on 2026-05-05 11:23:57 UTC

SET statement_timeout = 0;
SET lock_timeout = 0;
SET idle_in_transaction_session_timeout = 0;
SET transaction_timeout = 0;
SET client_encoding = 'SQL_ASCII';
SET standard_conforming_strings = on;
SELECT pg_catalog.set_config('search_path', '', false);
SET check_function_bodies = false;
SET xmloption = content;
SET client_min_messages = warning;
SET row_security = off;

SET default_tablespace = '';

SET default_table_access_method = heap;

--
-- TOC entry 225 (class 1259 OID 16426)
-- Name: Bidders; Type: TABLE; Schema: public; Owner: postgres
--

CREATE TABLE public."Bidders" (
    "BidderId" integer NOT NULL,
    "BidderNumber" integer NOT NULL,
    "IsOnline" boolean NOT NULL,
    "GuestId" integer NOT NULL
);


ALTER TABLE public."Bidders" OWNER TO postgres;

--
-- TOC entry 224 (class 1259 OID 16425)
-- Name: Bidders_BidderId_seq; Type: SEQUENCE; Schema: public; Owner: postgres
--

ALTER TABLE public."Bidders" ALTER COLUMN "BidderId" ADD GENERATED BY DEFAULT AS IDENTITY (
    SEQUENCE NAME public."Bidders_BidderId_seq"
    START WITH 1
    INCREMENT BY 1
    NO MINVALUE
    NO MAXVALUE
    CACHE 1
);


--
-- TOC entry 218 (class 1259 OID 16390)
-- Name: Categories; Type: TABLE; Schema: public; Owner: postgres
--

CREATE TABLE public."Categories" (
    "CategoryId" integer NOT NULL,
    "CategoryName" text NOT NULL
);


ALTER TABLE public."Categories" OWNER TO postgres;

--
-- TOC entry 220 (class 1259 OID 16398)
-- Name: GalaEvents; Type: TABLE; Schema: public; Owner: postgres
--

CREATE TABLE public."GalaEvents" (
    "GalaEventId" integer NOT NULL,
    "EventName" text NOT NULL,
    "EventDate" date,
    "OrganizationName" text NOT NULL,
    "ThankYouMessage" text NOT NULL,
    "EventStatus" integer NOT NULL,
    "CreatedAt" timestamp with time zone NOT NULL
);


ALTER TABLE public."GalaEvents" OWNER TO postgres;

--
-- TOC entry 219 (class 1259 OID 16397)
-- Name: GalaEvents_GalaEventId_seq; Type: SEQUENCE; Schema: public; Owner: postgres
--

ALTER TABLE public."GalaEvents" ALTER COLUMN "GalaEventId" ADD GENERATED BY DEFAULT AS IDENTITY (
    SEQUENCE NAME public."GalaEvents_GalaEventId_seq"
    START WITH 1
    INCREMENT BY 1
    NO MINVALUE
    NO MAXVALUE
    CACHE 1
);


--
-- TOC entry 223 (class 1259 OID 16413)
-- Name: Guests; Type: TABLE; Schema: public; Owner: postgres
--

CREATE TABLE public."Guests" (
    "GuestId" integer NOT NULL,
    "FirstName" text NOT NULL,
    "LastName" text NOT NULL,
    "TableNumber" integer,
    "GalaEventId" integer NOT NULL,
    "OnlineBidderOnly" boolean NOT NULL,
    "CheckoutLock" uuid,
    "CheckoutLockedAt" timestamp with time zone
);


ALTER TABLE public."Guests" OWNER TO postgres;

--
-- TOC entry 222 (class 1259 OID 16412)
-- Name: Guests_GuestId_seq; Type: SEQUENCE; Schema: public; Owner: postgres
--

ALTER TABLE public."Guests" ALTER COLUMN "GuestId" ADD GENERATED BY DEFAULT AS IDENTITY (
    SEQUENCE NAME public."Guests_GuestId_seq"
    START WITH 1
    INCREMENT BY 1
    NO MINVALUE
    NO MAXVALUE
    CACHE 1
);


--
-- TOC entry 227 (class 1259 OID 16437)
-- Name: Item; Type: TABLE; Schema: public; Owner: postgres
--

CREATE TABLE public."Item" (
    "ItemId" integer NOT NULL,
    "ItemNumber" integer NOT NULL,
    "ItemName" text NOT NULL,
    "WinningBidderId" integer,
    "WinningBidAmount" numeric(18,2),
    "IsPaid" boolean NOT NULL,
    "PaymentMethodId" text,
    "GalaEventId" integer NOT NULL,
    "CategoryId" integer NOT NULL,
    "OpeningBid" numeric(18,2),
    "PaymentDate" timestamp with time zone
);


ALTER TABLE public."Item" OWNER TO postgres;

--
-- TOC entry 226 (class 1259 OID 16436)
-- Name: Item_ItemId_seq; Type: SEQUENCE; Schema: public; Owner: postgres
--

ALTER TABLE public."Item" ALTER COLUMN "ItemId" ADD GENERATED BY DEFAULT AS IDENTITY (
    SEQUENCE NAME public."Item_ItemId_seq"
    START WITH 1
    INCREMENT BY 1
    NO MINVALUE
    NO MAXVALUE
    CACHE 1
);


--
-- TOC entry 221 (class 1259 OID 16405)
-- Name: PaymentMethods; Type: TABLE; Schema: public; Owner: postgres
--

CREATE TABLE public."PaymentMethods" (
    "PaymentMethodId" text NOT NULL,
    "PaymentMethodName" text NOT NULL,
    "PaymentType" text DEFAULT ''::text NOT NULL
);


ALTER TABLE public."PaymentMethods" OWNER TO postgres;

--
-- TOC entry 217 (class 1259 OID 16385)
-- Name: __EFMigrationsHistory; Type: TABLE; Schema: public; Owner: postgres
--

CREATE TABLE public."__EFMigrationsHistory" (
    "MigrationId" character varying(150) NOT NULL,
    "ProductVersion" character varying(32) NOT NULL
);


ALTER TABLE public."__EFMigrationsHistory" OWNER TO postgres;

--
-- TOC entry 3481 (class 0 OID 16426)
-- Dependencies: 225
-- Data for Name: Bidders; Type: TABLE DATA; Schema: public; Owner: postgres
--

COPY public."Bidders" ("BidderId", "BidderNumber", "IsOnline", "GuestId") FROM stdin;
-8	1003	t	-5
-7	5	f	-5
-6	4	f	-4
-5	1002	t	-3
-4	3	f	-3
-1	1	f	-1
-9	1004	t	-6
218	1	f	288
219	2	f	289
220	3	f	290
223	6	f	293
224	7	f	294
225	8	f	295
226	9	f	296
227	10	f	297
228	11	f	298
229	12	f	299
230	13	f	300
231	14	f	301
232	15	f	302
233	16	f	303
234	17	f	304
235	18	f	305
236	19	f	306
237	20	f	307
238	21	f	308
239	22	f	309
240	23	f	310
241	24	f	311
242	25	f	312
243	26	f	313
244	27	f	314
245	28	f	315
246	29	f	316
247	30	f	317
248	31	f	318
249	32	f	319
250	33	f	320
251	34	f	321
252	35	f	322
253	36	f	323
254	37	f	324
255	38	f	325
256	39	f	326
257	40	f	327
258	41	f	328
259	42	f	329
260	43	f	330
261	44	f	331
262	45	f	332
263	46	f	333
264	47	f	334
265	48	f	335
266	49	f	336
267	50	f	337
268	51	f	338
269	52	f	339
270	53	f	340
271	54	f	341
272	55	f	342
273	56	f	343
274	57	f	344
275	58	f	345
276	59	f	346
277	60	f	347
278	61	f	348
279	62	f	349
280	63	f	350
281	64	f	351
282	65	f	352
283	66	f	353
284	67	f	354
285	68	f	355
286	69	f	356
287	70	f	357
148	6	f	218
149	7	f	219
150	8	f	220
151	9	f	221
152	10	f	222
153	11	f	223
154	12	f	224
155	13	f	225
156	14	f	226
157	15	f	227
158	16	f	228
159	17	f	229
160	18	f	230
161	19	f	231
162	20	f	232
163	21	f	233
164	22	f	234
165	23	f	235
166	24	f	236
167	25	f	237
168	26	f	238
169	27	f	239
170	28	f	240
171	29	f	241
172	30	f	242
173	31	f	243
174	32	f	244
175	33	f	245
176	34	f	246
177	35	f	247
178	36	f	248
179	37	f	249
180	38	f	250
181	39	f	251
182	40	f	252
183	41	f	253
184	42	f	254
185	43	f	255
186	44	f	256
187	45	f	257
188	46	f	258
189	47	f	259
190	48	f	260
191	49	f	261
192	50	f	262
193	51	f	263
194	52	f	264
195	53	f	265
196	54	f	266
197	55	f	267
198	56	f	268
199	57	f	269
200	58	f	270
201	59	f	271
202	60	f	272
203	61	f	273
204	62	f	274
205	63	f	275
206	64	f	276
207	65	f	277
208	66	f	278
209	67	f	279
210	68	f	280
211	69	f	281
212	70	f	282
213	71	f	283
214	72	f	284
215	73	f	285
216	74	f	286
217	75	f	287
288	71	f	358
289	72	f	359
290	73	f	360
291	74	f	361
292	75	f	362
293	76	f	363
294	77	f	364
295	78	f	365
296	79	f	366
297	80	f	367
298	81	f	368
299	1001	t	360
300	1002	t	334
301	1003	t	332
302	1004	t	327
303	1005	t	369
304	1006	t	370
305	1007	t	371
306	1008	t	372
307	1009	t	373
308	1010	t	374
309	1011	t	375
310	1012	t	376
311	1013	t	377
312	1014	t	378
313	1015	t	379
314	1016	t	380
315	1017	t	381
316	1018	t	382
317	1019	t	383
318	1020	t	384
319	1021	t	385
320	1022	t	386
321	1023	t	387
322	1024	t	388
323	82	f	389
324	1025	t	390
325	83	f	391
326	84	f	392
327	85	f	393
\.


--
-- TOC entry 3474 (class 0 OID 16390)
-- Dependencies: 218
-- Data for Name: Categories; Type: TABLE DATA; Schema: public; Owner: postgres
--

COPY public."Categories" ("CategoryId", "CategoryName") FROM stdin;
2	Getaways
3	Alcohol
4	Restaurants
5	Events
6	Sports
7	Artwork
8	Services
9	Orchids
\.


--
-- TOC entry 3476 (class 0 OID 16398)
-- Dependencies: 220
-- Data for Name: GalaEvents; Type: TABLE DATA; Schema: public; Owner: postgres
--

COPY public."GalaEvents" ("GalaEventId", "EventName", "EventDate", "OrganizationName", "ThankYouMessage", "EventStatus", "CreatedAt") FROM stdin;
1	Test Auction	2025-05-04	My Test Organization	Thank you for your support!	3	2026-02-15 23:00:00+00
2	Gala Auction 2026	2026-05-03	Canticorum Virtuosi, Inc.	Thank you for your support!	3	2026-05-01 19:47:19.147196+00
\.


--
-- TOC entry 3479 (class 0 OID 16413)
-- Dependencies: 223
-- Data for Name: Guests; Type: TABLE DATA; Schema: public; Owner: postgres
--

COPY public."Guests" ("GuestId", "FirstName", "LastName", "TableNumber", "GalaEventId", "OnlineBidderOnly", "CheckoutLock", "CheckoutLockedAt") FROM stdin;
-5	Peggy	McGuire	2	1	f	\N	\N
-4	Harold	Rosenbaum	1	1	f	\N	\N
-3	Edie	Rosenbaum	1	1	f	\N	\N
-1	Stewart	McGuire	2	1	f	\N	\N
-6	Joe	Smith	\N	1	t	\N	\N
218	Stephanie	Abbinanti	5	1	f	\N	\N
219	John	Abbinanti	5	1	f	\N	\N
220	Tina	Bardsley	9	1	f	\N	\N
221	Sydney	Bardsley	9	1	f	\N	\N
222	Nellie	Beavers	7	1	f	\N	\N
223	Joanie	Betz	7	1	f	\N	\N
225	Don	Butt	4	1	f	\N	\N
227	Nan	Coffee	9	1	f	\N	\N
228	Tess	Dennis	2	1	f	\N	\N
229	Marcos	Dinnerstein	3	1	f	\N	\N
230	Julia	Douglas	1	1	f	\N	\N
231	Elaine	Feldman	5	1	f	\N	\N
232	Megan	Feldman	5	1	f	\N	\N
233	Dan	Feldman	5	1	f	\N	\N
234	Stuart	Feldman	5	1	f	\N	\N
235	Linda	Fusco	1	1	f	\N	\N
236	Ben	Fusco	1	1	f	\N	\N
237	Matt	Glasson	7	1	f	\N	\N
238	Steven	Goldstein	9	1	f	\N	\N
239	Peter	Gross	2	1	f	\N	\N
240	Mother Lynn	Harrington	4	1	f	\N	\N
241	Dennis	Harrington	4	1	f	\N	\N
242	Kate	Herland	7	1	f	\N	\N
243	Chloe	Holgate	3	1	f	\N	\N
244	Craig	Hupper	4	1	f	\N	\N
245	Susan	Hupper	4	1	f	\N	\N
246	Linda	Iacomini	5	1	f	\N	\N
247	Steve	James	6	1	f	\N	\N
248	Kevin	James	6	1	f	\N	\N
249	Julie	James	6	1	f	\N	\N
250	Mark	Kaufman	9	1	f	\N	\N
251	Frannie	Kaufman	9	1	f	\N	\N
252	Marty	Kihn	1	1	f	\N	\N
253	Ann	Lauria	5	1	f	\N	\N
254	Mati	Lazar	1	1	f	\N	\N
255	Vivian	Lazar	1	1	f	\N	\N
256	Richard	Lewis-Pierre	3	1	f	\N	\N
258	Max	McGuire	8	1	f	\N	\N
259	Kimberly	McGuire	8	1	f	\N	\N
260	Dee	McGuire	8	1	f	\N	\N
261	Abby	McGuire	8	1	f	\N	\N
262	Elizabeth	Meyer-Gross	2	1	f	\N	\N
263	Susan	Morello	2	1	f	\N	\N
264	Michael	Morello	2	1	f	\N	\N
265	Brian	Mumfort	3	1	f	\N	\N
266	Rose	Murdock	8	1	f	\N	\N
267	Carmen	Perdomo	7	1	f	\N	\N
268	Frank	Perdomo	7	1	f	\N	\N
269	Fred	Piker	7	1	f	\N	\N
270	Ben	Pologe	7	1	f	\N	\N
271	David	Rowsell	9	1	f	\N	\N
272	Belinda	Rowsell	9	1	f	\N	\N
273	David	Schwartz	6	1	f	\N	\N
274	Genti	Shehaj	9	1	f	\N	\N
275	Celia	Shehaj	10	1	f	\N	\N
276	Tyler	Shehaj	10	1	f	\N	\N
278	Michael	Spudic	6	1	f	\N	\N
279	Michael	Steinberger	3	1	f	\N	\N
280	Mary	Stevenson	4	1	f	\N	\N
281	Sedge	Ward	6	1	f	\N	\N
282	Barbara	Ward	4	1	f	\N	\N
283	Father Patrick	Ward	4	1	f	\N	\N
284	Ricki	Wasserman	2	1	f	\N	\N
285	Ann	Williams	2	1	f	\N	\N
286	Brana	Williams	9	1	f	\N	\N
287	Gil	Zicklin	6	1	f	\N	\N
288	John	Coffey	1	2	f	\N	\N
290	Steven	Goldstein	1	2	f	\N	\N
294	Brana	Williams	1	2	f	\N	\N
296	Susan	Feder	2	2	f	\N	\N
298	Gregory	Gosfield	2	2	f	\N	\N
300	Rose	Harbison	2	2	f	\N	\N
302	Jim	Kendrick	2	2	f	\N	\N
304	Sarah	Schaffer	2	2	f	\N	\N
310	Dee	McGuire	3	2	f	\N	\N
312	Rosemarie	McGuire	3	2	f	\N	\N
322	Marcos	Dinnerstein	5	2	f	\N	\N
324	Kate	Herland	5	2	f	\N	\N
328	Harold	Rosenbaum	5	2	f	\N	\N
330	Alice Merker	Goetz	6	2	f	\N	\N
336	Tess	Dennis	7	2	f	\N	\N
338	Anna	Mergen	7	2	f	\N	\N
340	Frank	Perdome	7	2	f	\N	\N
344	Terry	Busch	8	2	f	\N	\N
354	Barbara	Ward	9	2	f	\N	\N
356	Antoinette	Vandemark	9	2	f	\N	\N
358	Nellie	Beavers	10	2	f	\N	\N
362	Steven	Moore	10	2	f	\N	\N
364	Frances Sisson	Skoulis	10	2	f	\N	\N
366	Alessia	Arango	11	2	f	\N	\N
368	Tyler	Shehaj	11	2	f	\N	\N
369	Donald	Butt	\N	2	f	\N	\N
389	Lenny	Meyerson	6	2	f	\N	\N
334	Ricki	Wasserman	1	2	f	\N	\N
277	Jackson	Shehaj	10	1	f	\N	\N
224	Eric	Brenner	3	1	f	\N	\N
226	Xin	Chen	2	1	f	\N	\N
332	Lucia	Meyerson	6	2	f	\N	\N
350	Cheryl	Santos	8	2	f	\N	\N
314	Tina	Bardsley	4	2	f	\N	\N
348	Natalie	Gugino	8	2	f	\N	\N
326	Ben	Pologe	5	2	f	\N	\N
392	Josie	Russo	7	2	f	\N	\N
342	Brooke Van	Gerbig	7	2	f	\N	\N
320	Christina	Cowles	5	2	f	\N	\N
352	Genevieve	Brings	9	2	f	\N	\N
318	Gavin	Schwarz	4	2	f	\N	\N
306	Robert	McGuire	3	2	f	\N	\N
346	Elaine	Feldman	8	2	f	\N	\N
316	Belinda	Rowsell	4	2	f	\N	\N
308	Peggy	McGuire	3	2	f	\N	\N
360	Matt	Glasson	10	2	f	\N	\N
387	Kavita	Bali	\N	2	f	\N	\N
374	Olivia	Johnson	\N	2	f	\N	\N
391	Ellen	Lang	5	2	f	\N	\N
377	Irene	Muller	\N	2	f	\N	\N
385	Julia	Vitullo-Martin	\N	2	f	\N	\N
386	James	White	\N	2	f	\N	\N
293	Ernie	Picerni	1	2	f	\N	\N
295	Caroline	Beran	2	2	f	\N	\N
299	John	Harbison	2	2	f	\N	\N
301	Amy	Kendrick	2	2	f	\N	\N
303	Ed	Mathews	2	2	f	\N	\N
305	Sedgwick	Ward	2	2	f	\N	\N
311	Kimberly	McGuire	3	2	f	\N	\N
313	Sydney	Bardsley	4	2	f	\N	\N
319	Jill	Schwarz	4	2	f	\N	\N
321	John	Day	5	2	f	\N	\N
325	Margie	Herman	5	2	f	\N	\N
333	Leslie	Moss	6	2	f	\N	\N
335	Cheryl	Young	6	2	f	\N	\N
339	Carmen	Perdome	7	2	f	\N	\N
341	Marcio	Porto	7	2	f	\N	\N
343	Ann	Williams	7	2	f	\N	\N
345	Daniel	Feldman	8	2	f	\N	\N
347	Stuart	Feldman	8	2	f	\N	\N
349	Linda	Iacomini	8	2	f	\N	\N
351	Allen	Brings	9	2	f	\N	\N
353	Lynn	Harrington	9	2	f	\N	\N
355	Patrick	Ward	9	2	f	\N	\N
357	Carl	Vandemark	9	2	f	\N	\N
359	Philip	Cheah	10	2	f	\N	\N
361	Linda Lee	Jones	10	2	f	\N	\N
363	Ellen	Sisson	10	2	f	\N	\N
365	Michael	Steinberger	10	2	f	\N	\N
367	Celia	Shehaj	11	2	f	\N	\N
371	Cindy	Fascia	\N	2	f	\N	\N
373	Danielle	Greenberg	\N	2	f	\N	\N
375	Richard	Koral	\N	2	f	\N	\N
376	Robb	Moss	\N	2	f	\N	\N
379	Sharman	Propp	\N	2	f	\N	\N
380	Edward	Smaldone	\N	2	f	\N	\N
384	Lauren	Talesco	\N	2	f	\N	\N
388	Pam	Weinzapfel	\N	2	f	\N	\N
257	Andrew	McGuire	8	1	f	\N	\N
289	Nan	Coffey	1	2	f	\N	\N
337	Sandra	Lomeu	7	2	f	\N	\N
329	Julia	Douglass	6	2	f	\N	\N
323	Lucy	Heaton	5	2	f	\N	\N
393	Jill	Ricca	5	2	f	\N	\N
309	Andrew	McGuire	3	2	f	\N	\N
307	Stewart	McGuire	3	2	f	\N	\N
315	Rissa	Gerych	4	2	f	\N	\N
331	Elizabeth Meyer	Gross	6	2	f	\N	\N
327	Edie	Rosenbaum	5	2	f	\N	\N
370	Robert	Coover	\N	2	f	\N	\N
372	Tanya	Fatimi	\N	2	f	\N	\N
297	Todd	Gordon	2	2	f	\N	\N
317	David	Rowsell	4	2	f	\N	\N
381	Patricia	Stein	\N	2	f	\N	\N
382	Emily	Swiatek	\N	2	f	\N	\N
383	Deidre	Taylor	\N	2	f	\N	\N
390	William	McClelland	\N	2	f	\N	\N
378	Judy	Petro	\N	2	f	\N	\N
\.


--
-- TOC entry 3483 (class 0 OID 16437)
-- Dependencies: 227
-- Data for Name: Item; Type: TABLE DATA; Schema: public; Owner: postgres
--

COPY public."Item" ("ItemId", "ItemNumber", "ItemName", "WinningBidderId", "WinningBidAmount", "IsPaid", "PaymentMethodId", "GalaEventId", "CategoryId", "OpeningBid", "PaymentDate") FROM stdin;
96	209	One week, seven nights, Naples Florida Getaway!	280	900.00	t	Visa	2	2	0.00	2026-05-04 00:38:22.074711+00
137	602	Four Tickets to a New York Yankees Game!	276	200.00	t	AmEx	2	6	0.00	2026-05-04 00:50:00.415742+00
171	706	"Camellia" Painting	276	175.00	t	AmEx	2	7	\N	2026-05-04 00:50:00.415742+00
75	902	ORCHID	154	35.00	f	\N	1	9	35.00	\N
76	903	ORCHID	156	35.00	f	\N	1	9	35.00	\N
6	201	Adirondack Get-away	-4	123.00	f	\N	1	2	\N	\N
7	202	The Bunker Hill Inn	-6	122.00	f	\N	1	2	\N	\N
74	901	ORCHID	187	35.00	f	\N	1	9	35.00	\N
77	904	ORCHID	\N	\N	f	\N	1	9	35.00	\N
78	905	ORCHID	\N	\N	f	\N	1	9	35.00	\N
79	906	ORCHID	\N	\N	f	\N	1	9	35.00	\N
80	907	ORCHID	\N	\N	f	\N	1	9	35.00	\N
8	203	Intercontinental New York Barclay Hotel	\N	\N	f	\N	1	2	\N	\N
9	204	Intercontinental Times Square Hotel #1	\N	\N	f	\N	1	2	\N	\N
10	205	Intercontinental Times Square Hotel #2	\N	\N	f	\N	1	2	\N	\N
11	206	Orlando Hilton Hotel	\N	\N	f	\N	1	2	\N	\N
12	207	Seven-night stay at La Mourrade in Provence, France	\N	\N	f	\N	1	2	\N	\N
13	301	Veuve Cliquot Champagne Brut, with flutes	\N	\N	f	\N	1	3	\N	\N
14	302	Veuve Cliquot Champagne Rosé Brut with flutes	\N	\N	f	\N	1	3	\N	\N
15	303	Crate of Summer Wines	\N	\N	f	\N	1	3	\N	\N
16	304	Willet Pot Bourbon with glasses	\N	\N	f	\N	1	3	\N	\N
17	305	Portuguese Wine Case	\N	\N	f	\N	1	3	\N	\N
18	306	Bourbon Tasting	\N	\N	f	\N	1	3	\N	\N
19	307	Wine Crate with Select Wines!	\N	\N	f	\N	1	3	\N	\N
20	308	Mediterranean Booze!	\N	\N	f	\N	1	3	\N	\N
21	309	Rosé Tasting w/3 Bottles	\N	\N	f	\N	1	3	\N	\N
22	401	Kittle House Inn	\N	\N	f	\N	1	4	\N	\N
23	402	Horse and Hound Inn #1	\N	\N	f	\N	1	4	\N	\N
24	403	Horse and Hound Inn #2	\N	\N	f	\N	1	4	\N	\N
25	404	Le Bernardin	\N	\N	f	\N	1	4	\N	\N
26	405	Lincoln Restaurant	\N	\N	f	\N	1	4	\N	\N
27	406	Tea at the Plaza	\N	\N	f	\N	1	4	\N	\N
28	407	Three Bottles of Superior Olive Oil from Portugal	\N	\N	f	\N	1	4	\N	\N
29	408	Bangkok Republic	\N	\N	f	\N	1	4	\N	\N
30	501	American Ballet	\N	\N	f	\N	1	5	\N	\N
31	502	American Symphony Orchestra	\N	\N	f	\N	1	5	\N	\N
32	503	Caramoor	\N	\N	f	\N	1	5	\N	\N
33	504	The New York Philharmonic with Hélenè Grimaud	\N	\N	f	\N	1	5	\N	\N
34	505	The Metropolitan Opera	\N	\N	f	\N	1	5	\N	\N
35	506	Music Before 1800	\N	\N	f	\N	1	5	\N	\N
36	507	Orchestra Lumos	\N	\N	f	\N	1	5	\N	\N
37	508	Parthenia Viol Concerts	\N	\N	f	\N	1	5	\N	\N
38	509	The Orchestra of St. Luke’s	\N	\N	f	\N	1	5	\N	\N
39	510	The Ridgefield Symphony	\N	\N	f	\N	1	5	\N	\N
40	511	Music at St. Thomas	\N	\N	f	\N	1	5	\N	\N
41	512	Gotham Early Music Scene Concert Tickets	\N	\N	f	\N	1	5	\N	\N
42	513	Musica Sacra	\N	\N	f	\N	1	5	\N	\N
43	514	The Symphony of Westchester Tickets	\N	\N	f	\N	1	5	\N	\N
44	515	Chamber Music Society of Lincoln Center	\N	\N	f	\N	1	5	\N	\N
45	516	Broadway Show!	\N	\N	f	\N	1	5	\N	\N
46	517	Nikita Galaktionov Piano Recital	\N	\N	f	\N	1	5	\N	\N
47	518	Two tickets to the 2025 Bard Music Festival	\N	\N	f	\N	1	5	\N	\N
48	519	Family Membership to the Ridgefield Playhouse	\N	\N	f	\N	1	5	\N	\N
49	601	Golf Outing	\N	\N	f	\N	1	6	\N	\N
50	602	Yankees Tickets (4)	\N	\N	f	\N	1	6	\N	\N
51	603	Yankees Tickets (2)	\N	\N	f	\N	1	6	\N	\N
52	701	Painting by Tess Dennis	\N	\N	f	\N	1	7	\N	\N
53	702	Katonah Art and Frame	\N	\N	f	\N	1	7	\N	\N
54	703	Tiffany Daffodil Needlepoint	\N	\N	f	\N	1	7	\N	\N
55	704	Exquisite Peacock Needlepoint	\N	\N	f	\N	1	7	\N	\N
56	705	Pet Portrait	\N	\N	f	\N	1	7	\N	\N
57	801	Bradford Portraits	\N	\N	f	\N	1	8	\N	\N
58	802	Breathing Coordination	\N	\N	f	\N	1	8	\N	\N
59	803	Choral Conducting Workshop Auditor	\N	\N	f	\N	1	8	\N	\N
60	804	Organ Lesson – Gregory D’Agostino	\N	\N	f	\N	1	8	\N	\N
61	805	Confidential Consultation – Ben Pologe, Ph.D.	\N	\N	f	\N	1	8	\N	\N
62	806	Gossett Nursery Gift Card	\N	\N	f	\N	1	8	\N	\N
63	807	Piano Lesson - Will Healy	\N	\N	f	\N	1	8	\N	\N
64	808	Historic Hudson Valley	\N	\N	f	\N	1	8	\N	\N
65	809	Study with the Maestro	\N	\N	f	\N	1	8	\N	\N
66	810	Thai Massage	\N	\N	f	\N	1	8	\N	\N
67	811	Voice Lessons – Ellen Sisson	\N	\N	f	\N	1	8	\N	\N
68	812	Voice Lesson or Coaching - Ellen Lang	\N	\N	f	\N	1	8	\N	\N
69	813	Tour of the Aaron Copland Historic Landmark home	\N	\N	f	\N	1	8	\N	\N
70	814	Houseplant Plant Spa gift pack	\N	\N	f	\N	1	8	\N	\N
71	815	Mary Mogil Fitness	\N	\N	f	\N	1	8	\N	\N
72	816	1-Hour Nutrition Tune-Up Service	\N	\N	f	\N	1	8	\N	\N
73	817	James Bassi - Piano or Composition Lesson	\N	\N	f	\N	1	8	\N	\N
81	908	ORCHID	\N	\N	f	\N	1	9	35.00	\N
82	909	ORCHID	\N	\N	f	\N	1	9	35.00	\N
124	507	Orchestra Lumos	316	125.00	f	\N	2	5	0.00	\N
127	510	Ridgefield Symphony Orchestra Tickets	299	40.00	f	\N	2	5	0.00	\N
129	512	Two Premium tickets to NY Polyphony's 20th Anniversary Concert	304	50.00	f	\N	2	5	0.00	\N
132	515	Chamber Music Society of Lincoln Center	320	65.00	f	\N	2	5	0.00	\N
140	701	Katonah Art and Frame Gift Card	315	75.00	f	\N	2	7	0.00	\N
117	405	Tea at the Palm Court in the Plaza Hotel	244	195.00	t	MC	2	4	0.00	2026-05-04 00:36:12.075258+00
116	404	Lincoln Ristorante	264	300.00	t	Visa	2	4	0.00	2026-05-04 00:38:18.820305+00
92	205	Intercontinental New York Times Square Hotel #2	280	575.00	t	Visa	2	2	0.00	2026-05-04 00:38:22.074711+00
98	301	Veuve Cliquot Champagne Brut with Flutes	278	70.00	t	Other	2	3	0.00	2026-05-04 00:39:29.346995+00
126	509	Two tickets to one concert of Orchestra of St. Luke's Bach Festival	219	135.00	t	Disc	2	5	0.00	2026-05-04 00:39:33.297471+00
118	501	American Ballet Tickets for two	326	150.00	t	AmEx	2	5	0.00	2026-05-04 00:41:12.489505+00
100	303	Crate of 6 select wines! #1	272	140.00	t	AmEx	2	3	0.00	2026-05-04 00:42:10.701338+00
112	315	Six bottles of Rosé	250	100.00	t	Chk	2	3	0.00	2026-05-04 00:43:05.122493+00
99	302	Veuve Cliquot Champagne Brut Rosé with flutes	267	70.00	t	Visa	2	3	0.00	2026-05-04 00:43:21.200841+00
130	513	Musica Sacra	256	100.00	t	AmEx	2	5	0.00	2026-05-04 00:45:02.862403+00
153	809	Voice Lesson or Coaching	259	75.00	t	Visa	2	8	0.00	2026-05-04 00:45:33.380079+00
91	204	Intercontinental New York Times Square Hotel #1	248	600.00	t	MC	2	2	0.00	2026-05-04 00:46:13.50844+00
139	604	Four tickets to a New York Yankees Game!	248	300.00	t	MC	2	6	0.00	2026-05-04 00:46:13.50844+00
122	505	Metropolitan Opera Tickets for Two	253	300.00	t	Chk	2	5	0.00	2026-05-04 00:47:32.597822+00
135	518	Metropolitan Opera Tickets, Two tickets to Turandot By Puccini	253	300.00	t	Chk	2	5	0.00	2026-05-04 00:47:32.597822+00
107	310	Two bottles of Veuve Cliquot Champagne	327	100.00	t	Visa	2	3	0.00	2026-05-04 00:47:34.855083+00
101	304	Willett Pot Still Reserve Bourbon with glasses	236	150.00	t	Visa	2	3	0.00	2026-05-04 00:48:33.810626+00
108	311	Four bottles of Chardonay	236	110.00	t	Visa	2	3	0.00	2026-05-04 00:48:33.810626+00
123	506	Music Before 1800	\N	\N	f	\N	2	5	0.00	\N
125	508	Parthenia Viol Consort - Season Tickets	\N	\N	f	\N	2	5	0.00	\N
143	704	Watercolor of the English countryside painted by Tess Dennis.	\N	\N	f	\N	2	7	0.00	\N
144	705	Antique French Pressed Herbs, Framed.	\N	\N	f	\N	2	7	0.00	\N
145	801	20" Portrait by Bradford Portraits with Travel Package	\N	\N	f	\N	2	8	0.00	\N
146	802	Lessons in Breathing Coordination - Three 60 Minute Lessons	\N	\N	f	\N	2	8	0.00	\N
147	803	Confidential Consultation with Bennett Pologe, Ph.D.	\N	\N	f	\N	2	8	0.00	\N
128	511	Concerts at Saint Thomas	239	80.00	t	Visa	2	5	0.00	2026-05-04 00:48:53.18464+00
131	514	The Symphony of Westchester Tickets	239	95.00	t	Visa	2	5	0.00	2026-05-04 00:48:53.18464+00
150	806	Study with the Maestro and receive a copy of his autobiography	\N	\N	f	\N	2	8	0.00	\N
133	516	Broadway Show!	239	230.00	t	Visa	2	5	0.00	2026-05-04 00:48:53.18464+00
152	808	Two 60 minute voice lessons with Ellen Taylor Sisson, Soprano	\N	\N	f	\N	2	8	0.00	\N
88	201	A Long Weekend on Lake George in the Adirondacks!	276	700.00	t	AmEx	2	2	0.00	2026-05-04 00:50:00.415742+00
95	208	One Week Stay in Key Largo Condo!	276	1100.00	t	AmEx	2	2	0.00	2026-05-04 00:50:00.415742+00
155	811	Mary Mogil Fitness	\N	\N	f	\N	2	8	0.00	\N
106	309	Three Bottles of Wine from Niagara County, New York - Plus, Watson's famous chocolates!	237	120.00	t	Visa	2	3	0.00	2026-05-04 00:52:01.423779+00
97	210	Weekend (two night) stay at the Delavan Hotel, Buffalo, New York	246	325.00	t	Cash	2	2	0.00	2026-05-04 00:52:25.833372+00
102	305	Portuguese Wine Assortment - Case NLC Wines	246	125.00	t	Cash	2	3	0.00	2026-05-04 00:52:25.833372+00
110	313	Wines from Ancient Illyria	246	40.00	t	Cash	2	3	0.00	2026-05-04 00:52:25.833372+00
103	306	Bourbon Tasting	245	180.00	t	Cash	2	3	0.00	2026-05-04 00:53:51.552436+00
136	601	Golf Outing	245	300.00	t	Cash	2	6	0.00	2026-05-04 00:53:51.552436+00
104	307	Crate of 6 Select Wines! #2	238	110.00	t	Visa	2	3	0.00	2026-05-04 00:54:53.851293+00
138	603	Two Tickets to a New York Yankees Game!	261	225.00	t	Chk	2	6	0.00	2026-05-04 00:58:02.059703+00
158	814	Organ Lesson	246	85.00	t	\N	2	8	0.00	\N
109	312	Two bottles of Emporia Wine	227	55.00	t	AmEx	2	3	0.00	2026-05-04 14:40:37.356576+00
115	403	Le Bernardin Gift Card	324	475.00	t	MC	2	4	0.00	2026-05-04 17:33:45.516379+00
149	805	Historic Hudson Valley Family Membership	316	65.00	f	\N	2	8	0.00	\N
154	810	Tour of the Aaron Copland Historic Landmark home!	317	40.00	f	\N	2	8	0.00	\N
157	813	Private Theory or Composition Lesson with Ramin Amir Arjomand.	321	75.00	f	\N	2	8	0.00	\N
89	202	The Bunker Hill Inn - Bed and Breakfast, Salem, NY Two-Night Stay for Two	311	140.00	f	\N	2	2	0.00	\N
90	203	Intercontinental New York Barclay Hotel	312	800.00	f	\N	2	2	0.00	\N
93	206	Orlando Hilton Resort - One-Week Stay	308	900.00	f	\N	2	2	0.00	\N
94	207	One-week, seven-night stay at La Mourrade in Provence, France, for up to 10 people.	319	4000.00	f	\N	2	2	0.00	\N
105	308	Rosé Tasting	247	65.00	f	\N	2	3	0.00	\N
113	401	The Horse and Hound Restaurant #1	306	120.00	f	\N	2	4	0.00	\N
114	402	The Horse and Hound Restaurant #2	325	110.00	f	\N	2	4	0.00	\N
120	503	Caramoor Tickets	311	60.00	f	\N	2	5	0.00	\N
83	910	ORCHID	\N	\N	f	\N	1	9	35.00	\N
84	911	ORCHID	\N	\N	f	\N	1	9	35.00	\N
85	912	ORCHID	\N	\N	f	\N	1	9	35.00	\N
86	913	ORCHID	\N	\N	f	\N	1	9	35.00	\N
87	914	ORCHID	\N	\N	f	\N	1	9	35.00	\N
166	908	Orchid	\N	\N	f	\N	2	9	35.00	\N
167	909	Orchid	\N	\N	f	\N	2	9	35.00	\N
168	910	Orchid	\N	\N	f	\N	2	9	35.00	\N
169	911	Orchid	\N	\N	f	\N	2	9	35.00	\N
170	912	Orchid	\N	\N	f	\N	2	9	35.00	\N
160	902	Orchid	219	35.00	t	Disc	2	9	35.00	2026-05-04 00:39:33.297471+00
161	903	Orchid	262	35.00	t	Chk	2	9	35.00	2026-05-04 00:41:21.441747+00
162	904	Orchid	250	35.00	t	Chk	2	9	35.00	2026-05-04 00:43:05.122493+00
163	905	Orchid	282	35.00	t	Cash	2	9	35.00	2026-05-04 00:44:39.437742+00
141	702	Exquisite Peacock Needlepoint	253	175.00	t	Chk	2	7	0.00	2026-05-04 00:47:32.597822+00
164	906	Orchid	253	35.00	t	Chk	2	9	35.00	2026-05-04 00:47:32.597822+00
159	901	Orchid	237	35.00	t	Visa	2	9	35.00	2026-05-04 00:52:01.423779+00
111	314	Four bottles of Foris Pinot Noir	246	75.00	t	Cash	2	3	0.00	2026-05-04 00:52:25.833372+00
119	502	American Symphony Orchestra	246	80.00	t	Cash	2	5	0.00	2026-05-04 00:52:25.833372+00
121	504	Cecilia Chorus of New York - Mark Shapiro, Conductor	246	25.00	t	Cash	2	5	0.00	2026-05-04 00:52:25.833372+00
134	517	Two tickets to the 2026 Bard Music Festival.	246	95.00	t	Cash	2	5	0.00	2026-05-04 00:52:25.833372+00
142	703	Pet Portrait	246	165.00	t	Cash	2	7	0.00	2026-05-04 00:52:25.833372+00
148	804	Gossett Brothers Nursery Gift Card	246	100.00	t	Cash	2	8	0.00	2026-05-04 00:52:25.833372+00
151	807	90 Minutes of your choice Massage!	246	105.00	t	Cash	2	8	0.00	2026-05-04 00:52:25.833372+00
156	812	James Bassi - Piano or Composition Lesson	246	75.00	t	Cash	2	8	0.00	2026-05-04 00:52:25.833372+00
165	907	Orchid	257	35.00	t	Visa	2	9	35.00	2026-05-04 01:06:16.500129+00
\.


--
-- TOC entry 3477 (class 0 OID 16405)
-- Dependencies: 221
-- Data for Name: PaymentMethods; Type: TABLE DATA; Schema: public; Owner: postgres
--

COPY public."PaymentMethods" ("PaymentMethodId", "PaymentMethodName", "PaymentType") FROM stdin;
AmEx	American Express	Credit Card
Cash	Cash	Cash
Chk	Check	Check
Disc	Discover	Credit Card
MC	Mastercard	Credit Card
Other	Other	Other
Visa	Visa	Credit Card
\.


--
-- TOC entry 3473 (class 0 OID 16385)
-- Dependencies: 217
-- Data for Name: __EFMigrationsHistory; Type: TABLE DATA; Schema: public; Owner: postgres
--

COPY public."__EFMigrationsHistory" ("MigrationId", "ProductVersion") FROM stdin;
20260222175718_DBCreateWithAllRefactorsToDate	10.0.2
20260222215932_RefactoredEventStatus	10.0.2
20260304044929_GuestCheckoutColumns	10.0.2
20260319040400_UpdatedItemBidderRelationship	10.0.7
20260328194221_AddedPaymentDate	10.0.7
20260429024827_FixPaymentTypeItemWinningBidderId	10.0.7
\.


--
-- TOC entry 3489 (class 0 OID 0)
-- Dependencies: 224
-- Name: Bidders_BidderId_seq; Type: SEQUENCE SET; Schema: public; Owner: postgres
--

SELECT pg_catalog.setval('public."Bidders_BidderId_seq"', 327, true);


--
-- TOC entry 3490 (class 0 OID 0)
-- Dependencies: 219
-- Name: GalaEvents_GalaEventId_seq; Type: SEQUENCE SET; Schema: public; Owner: postgres
--

SELECT pg_catalog.setval('public."GalaEvents_GalaEventId_seq"', 2, true);


--
-- TOC entry 3491 (class 0 OID 0)
-- Dependencies: 222
-- Name: Guests_GuestId_seq; Type: SEQUENCE SET; Schema: public; Owner: postgres
--

SELECT pg_catalog.setval('public."Guests_GuestId_seq"', 393, true);


--
-- TOC entry 3492 (class 0 OID 0)
-- Dependencies: 226
-- Name: Item_ItemId_seq; Type: SEQUENCE SET; Schema: public; Owner: postgres
--

SELECT pg_catalog.setval('public."Item_ItemId_seq"', 171, true);


--
-- TOC entry 3315 (class 2606 OID 16430)
-- Name: Bidders PK_Bidders; Type: CONSTRAINT; Schema: public; Owner: postgres
--

ALTER TABLE ONLY public."Bidders"
    ADD CONSTRAINT "PK_Bidders" PRIMARY KEY ("BidderId");


--
-- TOC entry 3305 (class 2606 OID 16396)
-- Name: Categories PK_Categories; Type: CONSTRAINT; Schema: public; Owner: postgres
--

ALTER TABLE ONLY public."Categories"
    ADD CONSTRAINT "PK_Categories" PRIMARY KEY ("CategoryId");


--
-- TOC entry 3307 (class 2606 OID 16404)
-- Name: GalaEvents PK_GalaEvents; Type: CONSTRAINT; Schema: public; Owner: postgres
--

ALTER TABLE ONLY public."GalaEvents"
    ADD CONSTRAINT "PK_GalaEvents" PRIMARY KEY ("GalaEventId");


--
-- TOC entry 3312 (class 2606 OID 16419)
-- Name: Guests PK_Guests; Type: CONSTRAINT; Schema: public; Owner: postgres
--

ALTER TABLE ONLY public."Guests"
    ADD CONSTRAINT "PK_Guests" PRIMARY KEY ("GuestId");


--
-- TOC entry 3321 (class 2606 OID 16443)
-- Name: Item PK_Item; Type: CONSTRAINT; Schema: public; Owner: postgres
--

ALTER TABLE ONLY public."Item"
    ADD CONSTRAINT "PK_Item" PRIMARY KEY ("ItemId");


--
-- TOC entry 3309 (class 2606 OID 16411)
-- Name: PaymentMethods PK_PaymentMethods; Type: CONSTRAINT; Schema: public; Owner: postgres
--

ALTER TABLE ONLY public."PaymentMethods"
    ADD CONSTRAINT "PK_PaymentMethods" PRIMARY KEY ("PaymentMethodId");


--
-- TOC entry 3303 (class 2606 OID 16389)
-- Name: __EFMigrationsHistory PK___EFMigrationsHistory; Type: CONSTRAINT; Schema: public; Owner: postgres
--

ALTER TABLE ONLY public."__EFMigrationsHistory"
    ADD CONSTRAINT "PK___EFMigrationsHistory" PRIMARY KEY ("MigrationId");


--
-- TOC entry 3313 (class 1259 OID 16464)
-- Name: IX_Bidders_GuestId; Type: INDEX; Schema: public; Owner: postgres
--

CREATE INDEX "IX_Bidders_GuestId" ON public."Bidders" USING btree ("GuestId");


--
-- TOC entry 3310 (class 1259 OID 16465)
-- Name: IX_Guests_GalaEventId; Type: INDEX; Schema: public; Owner: postgres
--

CREATE INDEX "IX_Guests_GalaEventId" ON public."Guests" USING btree ("GalaEventId");


--
-- TOC entry 3316 (class 1259 OID 16466)
-- Name: IX_Item_CategoryId; Type: INDEX; Schema: public; Owner: postgres
--

CREATE INDEX "IX_Item_CategoryId" ON public."Item" USING btree ("CategoryId");


--
-- TOC entry 3317 (class 1259 OID 16467)
-- Name: IX_Item_GalaEventId; Type: INDEX; Schema: public; Owner: postgres
--

CREATE INDEX "IX_Item_GalaEventId" ON public."Item" USING btree ("GalaEventId");


--
-- TOC entry 3318 (class 1259 OID 16468)
-- Name: IX_Item_PaymentMethodId; Type: INDEX; Schema: public; Owner: postgres
--

CREATE INDEX "IX_Item_PaymentMethodId" ON public."Item" USING btree ("PaymentMethodId");


--
-- TOC entry 3319 (class 1259 OID 16469)
-- Name: IX_Item_WinningBidderId; Type: INDEX; Schema: public; Owner: postgres
--

CREATE INDEX "IX_Item_WinningBidderId" ON public."Item" USING btree ("WinningBidderId");


--
-- TOC entry 3323 (class 2606 OID 16431)
-- Name: Bidders FK_Bidders_Guests_GuestId; Type: FK CONSTRAINT; Schema: public; Owner: postgres
--

ALTER TABLE ONLY public."Bidders"
    ADD CONSTRAINT "FK_Bidders_Guests_GuestId" FOREIGN KEY ("GuestId") REFERENCES public."Guests"("GuestId") ON DELETE CASCADE;


--
-- TOC entry 3322 (class 2606 OID 16420)
-- Name: Guests FK_Guests_GalaEvents_GalaEventId; Type: FK CONSTRAINT; Schema: public; Owner: postgres
--

ALTER TABLE ONLY public."Guests"
    ADD CONSTRAINT "FK_Guests_GalaEvents_GalaEventId" FOREIGN KEY ("GalaEventId") REFERENCES public."GalaEvents"("GalaEventId") ON DELETE CASCADE;


--
-- TOC entry 3324 (class 2606 OID 16489)
-- Name: Item FK_Item_Bidders_WinningBidderId; Type: FK CONSTRAINT; Schema: public; Owner: postgres
--

ALTER TABLE ONLY public."Item"
    ADD CONSTRAINT "FK_Item_Bidders_WinningBidderId" FOREIGN KEY ("WinningBidderId") REFERENCES public."Bidders"("BidderId");


--
-- TOC entry 3325 (class 2606 OID 16449)
-- Name: Item FK_Item_Categories_CategoryId; Type: FK CONSTRAINT; Schema: public; Owner: postgres
--

ALTER TABLE ONLY public."Item"
    ADD CONSTRAINT "FK_Item_Categories_CategoryId" FOREIGN KEY ("CategoryId") REFERENCES public."Categories"("CategoryId") ON DELETE CASCADE;


--
-- TOC entry 3326 (class 2606 OID 16454)
-- Name: Item FK_Item_GalaEvents_GalaEventId; Type: FK CONSTRAINT; Schema: public; Owner: postgres
--

ALTER TABLE ONLY public."Item"
    ADD CONSTRAINT "FK_Item_GalaEvents_GalaEventId" FOREIGN KEY ("GalaEventId") REFERENCES public."GalaEvents"("GalaEventId") ON DELETE CASCADE;


--
-- TOC entry 3327 (class 2606 OID 16459)
-- Name: Item FK_Item_PaymentMethods_PaymentMethodId; Type: FK CONSTRAINT; Schema: public; Owner: postgres
--

ALTER TABLE ONLY public."Item"
    ADD CONSTRAINT "FK_Item_PaymentMethods_PaymentMethodId" FOREIGN KEY ("PaymentMethodId") REFERENCES public."PaymentMethods"("PaymentMethodId");


-- Completed on 2026-05-05 11:23:57 UTC

--
-- PostgreSQL database dump complete
--

\unrestrict pbg5pFO3ouJsniprozPBEEQfNhXh6Yq09w1leFdVc0zeYYEDb8wgquwtpzpYSlP

